governor_id,kingdom,rank,previous_rank,power,merits,governor_name,alliance_name,alliance_tag,historical_highest_power,legion_power,tech_power,building_power,hero_power,units_killed,units_dead,units_healed,tier_1_kills,tier_2_kills,tier_3_kills,tier_4_kills,tier_5_kills,defeats,victories,times_scouted,gold_gathered,wood_gathered,ore_gathered,mana_gathered,gems_gathered,total_resource_assistance_given,times_resource_assistance_given,times_alliance_help_given,city_sieges,gold_spent,wood_spent,stone_spent,mana_spent,gems_spent
12562065,161,1,1,191619864,32085296,BethᵀᴴᴱSavage,GOLDEN DRAGON,GD-W,191619864,131058856,31732531,18820467,10008010,1008342220,2426419,420299608,45497876,12480257,44334014,711482905,193965786,94300,154698,781,1366577299,1256103591,839379456,1573275314,365,3423966438,732,162347,448,14513613044,12002456757,6230478095,7218875635,11785594
1323278,161,2,2,145461121,20556327,ᵀᴴᴱPapaBeaG,GOLDEN DRAGON,GD-W,147274271,86326978,31734406,18820467,8579270,851858154,1605532,417801339,34859816,5990408,22312107,519933921,268014356,65410,182031,2329,494688866,260914425,416908549,1612245027,3952,2353234902,487,77457,690,5097460145,5784011930,3341050725,2617701411,1537858
12497767,161,3,2,144856792,20269090,ᴿᵃᶜᶦⁿᵍᵇᵒᶦ1Ben,GOLDEN DRAGON,GD-W,145105562,86892084,31732531,18563397,7668780,354169246,488781,204075758,12876823,3637807,11563692,226147053,99890775,21875,122311,509,351537752,312657383,655120466,2265733962,11,909318151,273,117751,171,9313457617,10727372438,7548550532,6476617112,5660408
9760704,161,4,4,133996243,12038481,ᴿᵃᶜᶦⁿᵍᵇᵒᶦ Rimuru,GOLDEN DRAGON,GD-W,133996243,76373255,31732531,18820467,7069990,271723358,1081486,286839347,31027339,1979508,3006187,104019196,131561766,78144,135456,631,726498410,1204380325,758279935,2380213744,429,3597353321,729,92336,192,7841150966,8894136149,5995415318,4511242061,2005040
10778092,161,5,5,123874724,23417102,ʳᵃᵘᵐᵃⁿᶦᵃ Caosss,GOLDEN DRAGON,GD-W,123874724,65989846,31732531,18820467,7331880,575891634,949882,307075608,23222483,2102414,4785346,370536589,175164573,39245,174107,337,1115521620,1191713567,1065098903,5009526717,550,2400247834,481,84111,233,7642055719,9067416749,6781226208,5049753970,2245193
11729172,161,6,6,122851696,11018555,ᴬᵒᴰ Rathalos,GOLDEN DRAGON,GD-W,122851696,66961633,31732531,17855642,6301890,183485550,1055396,273112729,9205558,1603416,2876500,93469232,76294146,84335,96540,144,1357965017,1544984101,1013590340,3379808117,24418,1873124373,385,130131,150,10721937063,13938450050,7607894570,6295437265,2621453
7371323,161,7,7,120481264,19928007,LICHKING,GOLDEN DRAGON,GD-W,120481264,62204206,31732531,18820467,7724060,510988461,201958,358729559,44375558,1220927,2629612,293813277,168931763,23174,179782,241,3264597094,2950372664,2512116120,3337186225,70201,840125108,172,104022,38,6610100285,6429379884,4274677079,4164215672,2114140
12787694,161,8,8,119655778,12246633,ᴿᵃᶜᶦⁿᵍᵇᵒᶦBBaron,GOLDEN DRAGON,GD-W,119663548,62022491,31366440,18407007,7859840,229181160,585400,186874420,23976750,1638638,4708182,142558670,56272694,27586,79360,289,500032264,524155222,493422395,2112210017,10,460051488,95,86347,86,8516317963,9148723241,5091991004,4381653980,3435519
12824733,161,9,9,116996415,13852259,ᴿᵃᶜᶦⁿᵍᵇᵒᶦLc Key,GOLDEN DRAGON,GD-W,131531445,60135823,31732531,17143191,7984870,431159509,1036090,250873960,12690191,6359964,9566975,299601256,102811110,59726,101288,856,649848405,431282785,420400698,4757364499,1052,1062101767,259,85094,261,13358775856,12626077126,8312503769,8090915651,3869344
1248159,161,10,10,116180876,24058594,ᵀᴴᴱDaddyZero,GOLDEN DRAGON,GD-W,116180876,57619818,31732531,18820467,8008060,538663938,1803891,320594171,104570631,2253700,7149283,233954755,190435879,49150,183220,589,1779553170,1812084076,1177316500,2371240018,1550,1310841897,272,80869,527,7703351839,7073106652,4894464599,4523964882,2363561
9361011,161,11,11,110577737,10978805,ᴿᵃᶜᶦⁿᵍᵇᵒᶦ Mavis,GOLDEN DRAGON,GD-W,112819377,53376393,31734406,18820468,6646470,643310250,2691437,321777175,21947027,21537041,31730698,457480340,109858695,57119,122928,1167,953582900,720912093,648697734,3589344828,572,19539132975,3948,102225,1175,12486788267,13629155332,9108776221,3786114583,795154
9722585,161,12,12,104337498,16647007,ᵛⁿʷLongMC,GOLDEN DRAGON,GD-W,104337498,47181119,31732531,18820468,6603380,283853890,1865660,221274118,16901683,2045163,6271530,190829518,67605244,67502,62365,382,206631468,195072079,119701565,3166385108,1031,655000009,138,48174,359,7924251840,7854881864,4380719619,4656314129,2076104
9976412,161,13,13,100273772,14970530,ᵇᵃᵒᵇᵉⁱ SPIDER,GOLDEN DRAGON,GD-W,101912680,43375534,31732531,18701217,6464490,133995936,677829,212333196,5476559,305117,684914,64801699,62718553,48701,80790,264,2912400729,2447191851,1485420796,2497041896,9970,564363700,115,72103,13,7444658359,7113642467,4020425667,3703286092,1227623
9270426,161,14,13,100210121,12732039,ᴿᵃᶜᶦⁿᵍᵇᵒᶦ Kiwan,GOLDEN DRAGON,GD-W,100210121,46343459,29459655,17927327,6479680,301403968,567866,278457351,22906488,6040311,12610769,205012577,54714286,25390,113241,1020,1789737680,1623929769,1196561753,2637318107,4980,988781550,211,124220,257,6951213999,6428861964,4818461387,3647849515,993316
14808583,161,15,14,100049098,24197464,ᵛᶰsườnbò2trứng,GOLDEN DRAGON,GD-W,100049098,42160860,31732531,18820467,7335240,366100638,1095464,155178942,9622019,3047996,12926505,287885745,52575619,13265,105057,401,822981393,1257669014,989111392,1721526695,60,55026681,17,65284,154,7928353551,9346447758,6917554758,4817346605,3432316
8959518,161,16,16,97483473,13272210,ᴷᴸʋịʈᶦᵈᵒᶫ,GOLDEN DRAGON,GD-W,100070409,40473865,31732531,18407007,6715670,345375040,820738,303039566,44004198,17558951,16308891,191548265,75507771,54140,81439,2019,1122865726,1042477689,869428474,2375828857,36071,242966777,53,73466,841,8644879141,9044559744,5061698500,4913225317,1345029
11635466,161,17,17,96249881,15207090,ᴬ ᵒ ᴰ Alicia,GOLDEN DRAGON,GD-W,96249881,40449462,31732531,17745808,6322080,375071317,1320143,223159549,36719138,5717491,8909485,224107472,99456724,37742,100967,356,975614341,712750817,821526447,2860606398,369,633074381,156,84369,907,7537115587,5180701966,5574197877,4398271235,1544796
12534848,161,18,18,95732595,18172991,ʏᴏᴜʀ Clanabis,GOLDEN DRAGON,GD-W,95732595,41138164,30132714,18544827,5916890,213468273,827332,242147179,7807118,1858520,3044283,143463322,57271504,34061,119047,419,3821125450,1532686263,2273602620,2982796495,8761,309241953,75,139211,94,10287404630,7207525347,6144683404,4131590308,1382528
11972230,161,19,19,93367585,12019818,ᵛⁿʷPhở乂Bòⁿᵒᴹᵒツ,GOLDEN DRAGON,GD-W,93367585,39649462,28939236,18581967,6196920,143397095,629961,266598404,16769068,1114088,3475775,92616091,29388753,27384,97430,612,1833982580,1963161846,1100997506,3063195272,3823,132000014,33,108462,58,8057383085,9936814879,5934766312,4076943522,806197
9561711,161,20,20,92834573,8587335,ᵛᶰ BᴀʙᴇAries,GOLDEN DRAGON,GD-W,92835276,35953315,31732531,18820467,6328260,205313550,551023,185155985,15886678,5623856,7652539,128856380,46842450,20671,104314,125,768465027,1780244732,1013022202,2133612612,57917,2113224546,428,57117,508,5003698357,6497603325,5435285455,3265869607,708741
12706900,161,21,21,92448260,6467279,ʳᵃᵘᵐᵃⁿᶦᵃ aRaO,GOLDEN DRAGON,GD-W,92448260,39592647,28382976,18580627,5892010,147773759,841006,236814963,16252185,8963431,5710046,96364837,20010690,27231,72377,1102,1817737875,1639961761,805112551,3629347909,3776,3442588313,720,167155,990,10452762240,9516349408,6895891058,4625172458,758724
11971851,161,22,22,91825373,16109071,ʳᵃᵘᵐᵃⁿⁱᵃ abolowkei,GOLDEN DRAGON,GD-W,91825373,35082311,31008215,18465327,7269520,311055362,1331096,287103028,42072580,9652589,15579978,181864826,61604611,30669,127738,1083,1371663437,1499729108,1068479912,3123279417,30837,475467212,181,129106,685,8211772237,9643585809,6894554130,4621215384,996516
11972316,161,23,23,91062369,14862320,DuyAnYB,GOLDEN DRAGON,GD-W,91062369,35392763,31066169,18446757,6156680,286901918,955600,254840389,32995210,3585392,6571388,185123729,58560105,44357,106698,539,2079922176,1957157348,1224782288,3317499309,276,2703564600,573,109751,137,10359422126,11179413501,6308410993,5775865841,1191066
12170539,161,24,24,90428784,22403682,ᵇᵃᵒᵇᵉⁱLynn,GOLDEN DRAGON,GD-W,90428784,34797716,31732531,17927327,5971210,422248717,633665,253735942,33727333,1978376,8949354,295843019,81689628,28194,141597,667,1194550803,1277600952,938093905,2883725486,61262,1407119519,317,95603,256,8667588430,8586794169,6204862609,4488728250,1455646
12693293,161,25,25,88619881,13995469,๖ۣۜChyn ᵛⁿシ,GOLDEN DRAGON,GD-W,88619881,33008581,30975723,17500837,6862740,200365435,400023,229644329,10811574,969840,3116546,140602337,44857037,23791,98843,366,2409572547,3132011558,2489616716,3663968447,24443,109058808,28,132765,30,6649872850,8263900231,5303253971,3870453649,1075106
1163741,161,26,26,88274093,3234909,HH094,GOLDEN DRAGON,GD-W,88274093,34041592,30132714,18407007,5692780,113709114,507490,108400217,2151291,3546776,4267365,81292898,22076232,8803,58515,851,647085523,890252708,750848644,916674939,3911,1085174803,251,75139,750,3099328138,3888374771,2854405876,1720957353,719201
9797037,161,27,27,87486909,15608708,Nải Chuối Tiêu,GOLDEN DRAGON,GD-W,87569579,32629099,30946283,18231707,5679820,401524297,854866,282203695,29171638,3513020,5964288,252198710,110525392,21572,179855,1071,2538534228,3058874678,1782678119,3980472144,53372,5913832468,1184,112750,200,7385216333,10855748612,7432140642,3679222185,887562
12395430,161,28,28,86906422,12686331,ᵛⁿʷ FRIEREN is me,GOLDEN DRAGON,GD-W,86974022,31640965,31366440,18407007,5492010,243658608,613608,205461350,21170958,1904418,6434184,165592205,48457347,19947,66094,1257,1216816678,820633743,442118150,814894714,103,540200019,124,84649,165,7358548463,5927563817,4268807840,3074776590,2182337
12693348,161,29,29,85987069,12014892,ʸᵒᵘʳ MèoMéoMeo,GOLDEN DRAGON,GD-W,85987069,33012546,28382976,18780717,5810830,116650266,455763,202011303,12755531,298063,1265038,71398419,30926135,21205,90843,72,2656614696,2873277091,1536322703,2052503820,21,79772447,27,69836,36,6381225620,8248140396,5515420940,3786415580,974634
12506325,161,30,30,85605868,16201582,ᴴᵒᵃᶜᵃⁱˣᴴᵒʷˡBaiter,GOLDEN DRAGON,GD-W,85621450,33506376,29459655,16923087,5716750,281811275,462770,226266329,17666956,2205794,6617793,211719432,43550377,23673,102791,663,1616889042,1049983668,597972845,3131191416,20555,903454299,211,141820,209,7929376441,8566316912,6203114505,3799923182,1220823
11989287,161,31,31,85411020,19802051,ᵛᶰBᴀʙᴇQᴜɪɴ〤,GOLDEN DRAGON,GD-W,85411020,30550379,30533214,18661467,5593960,397376228,1290864,258156636,77367968,1898180,6131882,250954162,60943924,32343,103045,802,1594302668,1614195770,1136669284,3312577546,14243,3576342968,844,118103,238,11304682340,8484211830,8035897407,5279191951,940653
12732806,161,32,32,84739598,12668145,ᴅᴇᴠᴏᴜʀsx,GOLDEN DRAGON,GD-W,84766298,29507748,30975723,17927327,5948800,318351377,1378423,253337636,70974281,2083827,6012734,188272176,50892219,45835,90449,828,1512470506,1800405273,1372012896,3252018815,3658,928123736,198,108497,219,8432076525,10732159868,6808172509,4864372304,996512
14328165,161,33,33,83863124,26339617,ᵛᶰBᴀʙᴇDᴏɴɴɪᴇ〤,GOLDEN DRAGON,GD-W,83911124,31210383,28578994,17687487,6194260,326377779,757600,186818818,36747727,2253901,6219751,231654392,49463059,25728,74154,752,1781983798,1009330476,749758971,2883157139,1835,809605878,176,91200,225,9339685304,7166177538,5652780001,3793793881,2147486
14342083,161,34,34,83574858,18221290,ᵛᶰBᴀʙᴇAɴᴅʏ〤,GOLDEN DRAGON,GD-W,83574858,31258000,28386096,18049382,5881380,293283251,1121005,197606406,59972490,4528488,13474766,184644382,30568431,18561,99900,363,1662885960,1969016188,1410515510,2357162992,6549,1886953334,451,90706,128,6949597019,8398523724,5634974133,3343909708,1943171
12042542,161,35,35,83523355,30501300,ᵇᵃᵒᵇᵉⁱ Kiwi,GOLDEN DRAGON,GD-W,83656645,33384032,27710650,16923087,5391850,357137028,972211,223092063,49617112,1055017,3372990,252106268,50836627,14898,86659,1250,2511261956,2063153175,1888864927,2557308398,38652,3316483534,711,112284,213,10276710528,7072095948,7630632045,4478101738,883899
12778512,161,36,36,83420299,20280454,ᴿᵃᶜᶦⁿᵍᵇᵒᶦ Cloud9,GOLDEN DRAGON,GD-W,83420299,30146797,29459655,17672527,6141320,361726049,824793,269766514,31309070,2164829,11341745,246104202,70754958,35127,112303,420,877861079,651977487,530646180,3504548903,59621,232585911,63,89939,199,9678375269,8860396316,8147559723,5438513537,1342147
11973035,161,37,37,82813744,12652559,ᵛⁿʷ HiHi HaHa,GOLDEN DRAGON,GD-W,82813744,27619153,30132714,18407007,6654870,363759337,276849,252370856,21789126,4274488,9723469,272614557,55250638,21291,114328,992,1236235379,895001821,1065915675,2432008872,18845,1387811036,288,73923,440,6814198004,5997807730,5220402238,2854739069,1459404
11996144,161,38,38,82356073,9854707,ᵛⁿ Naruto,GOLDEN DRAGON,GD-W,82356073,28047030,29459655,18820468,5900920,156675666,815681,161767545,18124745,1318563,3152241,94385305,39678566,17112,76986,523,1652968359,1403754148,1223106519,1586547479,1,3521328592,716,68162,29,5881474613,7261598198,5742950484,2834031412,812475
12407702,161,39,39,82137995,12193269,ａｎｄｙᴬᴺᴴᴰᴵᴺᴴ,GOLDEN DRAGON,GD-W,82137995,30112164,27450400,18407007,6104140,130451668,574342,155863459,25232236,583871,890116,70950064,32763768,22906,87277,259,2649818409,3661440623,2715183900,1973609899,115,150727429,35,71491,63,5270384999,6895882441,4937171473,3224397835,685801
11977925,161,40,40,81776946,14026616,ʳᵃᵘᵐᵃⁿᶦᵃ ɢɴᴀꜱᴠɢ,GOLDEN DRAGON,GD-W,81776946,28359564,29459655,18446757,5510970,274412357,894462,215985963,43955308,1933744,4235411,166236407,57996538,15172,112206,848,1862391481,1920865814,1543656592,2788300359,28655,1031578032,237,85888,204,5729062754,6501594359,4297094728,2783105721,739125
12759516,161,41,41,81291774,6060544,CáMặnTrămNăᵛᶰシ,GOLDEN DRAGON,GD-W,81291774,26679903,30533214,17927327,6151330,81875806,433337,119615860,4049089,1796898,2001698,47281461,26694451,14985,87587,810,1622790351,2226268737,1484371321,960025443,5236,41221713,14,83804,250,4718745488,5915405187,3744552071,2326536426,1455568
11970192,161,42,41,81254068,12751504,ʳᵃᵘᵐᵃⁿᶦᵃ Emin,GOLDEN DRAGON,GD-W,81277825,30209887,28386096,16427645,6230440,236114756,991493,233690339,28192600,5341325,9863660,143151334,49397831,27031,107367,960,2091474504,2735021067,1632112921,2321859564,176,752130571,213,100272,636,6317398764,8255128908,5114664996,3534880064,674247
12726311,161,43,43,81131910,12003866,ʸᵒᵘʳKingdray,GOLDEN DRAGON,GD-W,81131910,29859139,26620694,18465327,6050750,118965057,240306,178014493,7145772,1214334,2433428,80773953,27385819,18678,86034,216,2690448779,3679351531,1843501878,1911713696,1342,141669325,31,78851,18,4992348848,6860665472,4071070080,2548891974,704187
12001296,161,44,44,80918388,27859911,ꜱᴀʀᴀꜱᴀ,GOLDEN DRAGON,GD-W,81015428,27207256,29459655,18407007,5844470,614651588,1328636,301704860,86461896,5027241,15879774,430492262,76630885,28099,104174,416,1809202701,1126453298,1601882729,4124475892,14673,1359400060,305,195449,278,12831899394,8143584451,9945971128,6012589135,931597
12803766,161,45,47,80236999,14445118,JID乄,GOLDEN DRAGON,GD-W,80236999,25606788,29732214,18820467,6077530,170341665,278370,141991987,13748710,601974,1694779,104575755,49706830,10706,96742,97,1951332014,2006615776,3183412832,2355066744,53,224472841,50,77864,87,4830270294,5828513964,4727093788,2765905498,1682709
12165760,161,46,46,80170644,8604834,ᵇᵃᵒᵇᵉⁱ DucAnhne,GOLDEN DRAGON,GD-W,88944443,25521323,30132714,18621717,5894890,327510721,2061622,272323272,30324772,6005775,12433863,241462257,37135614,30408,87656,906,1468921743,1905430153,1328722087,2355052244,26164,1012034654,245,90191,584,7747265229,9344207082,6482070730,4637622325,1087692
12773384,161,47,45,80024426,7579698,16thOctober,GOLDEN DRAGON,GD-W,80024426,27676274,28903395,18283807,5160950,128028610,182855,154401764,6039012,738183,3026146,86270927,31938460,19610,60227,258,1749595478,2025294891,1148652806,1726184136,39749,627956046,138,73932,49,5272275619,6277158586,4467666093,2856567677,866507
12380352,161,48,46,79962827,5602093,ʸᵒᵘʳNhật Anh,GOLDEN DRAGON,GD-W,79962827,29945348,25964032,18407007,5582440,131444480,283973,210527693,30369233,1687543,5043696,71750486,22571972,15199,77089,825,2559947466,1902057719,1623541690,1582195378,398,336245773,72,74237,96,7109769547,5461083508,4936733258,3227654573,728323
11947063,161,49,48,79786031,12056735,ᴿᵃᵍⁿᵃʳᵒᵏSlowzxJE,GOLDEN DRAGON,GD-W,79786031,27314530,28178494,18407007,5678000,152988176,568125,224999016,23524194,655267,1531116,95191259,32002956,52602,68118,515,1710749129,1815926466,897526968,2331804956,35697,875146444,275,76844,231,9064865490,9692454150,4552043695,4059881718,944554
11932563,161,50,49,79530382,15813631,ᵇᵃᵒᵇᵉⁱ LargeOnE,GOLDEN DRAGON,GD-W,86836973,26698159,28382976,18407007,5958240,228590112,586251,210863404,15438345,2037062,5545199,154234747,51249804,30215,88768,432,1046227491,1214073846,770685781,2425662491,10,775147193,175,108200,193,5348930217,7344733419,5318500659,3283479276,897989
11629217,161,51,51,78495451,6413484,ᴬᵒᴰ๖ۣۜAdam,GOLDEN DRAGON,GD-W,78497451,24766648,28939236,18563397,6226170,136520791,604076,193870684,18676580,1592567,2621496,72796731,40796728,21973,68091,243,1633253383,1960067979,1244417175,1695630981,1306,2149017702,443,63829,152,5282498601,7032858009,4917110568,2754025242,1878508
12692383,161,52,52,78357234,28680036,ʳᵃᵘᵐᵃⁿᶦᵃ ʜᴏᴀɴɢᴅɪᴛᴜ,GOLDEN DRAGON,GD-W,85928806,26502322,27505435,18378507,5970970,512348251,627145,284089498,94241693,8206856,32400547,312960946,64483467,38896,119122,989,1694048241,1896144240,963943711,5542550122,2199,2348267525,571,252333,365,9651600809,14091756577,8467279069,6270092619,1173041
11972522,161,53,53,78015687,16316584,ʳᵃᵘᵐᵃⁿᶦᵃ ᴘ т н,GOLDEN DRAGON,GD-W,78015687,27538502,26944758,18167167,5365260,198968489,951123,184835127,14434257,3661858,8719989,137910219,34149041,25118,77945,1070,2024013475,1979908605,1260979433,2452422325,31878,1917983679,425,122887,267,7529390780,8158754441,6000226744,4009391868,812410
12773432,161,54,54,77778879,12904801,DODGY ᴰʳᵃᵍᵒⁿˢˡᵃʸᵉʳ,GOLDEN DRAGON,GD-W,77778879,26313245,27312537,18407007,5728090,213169989,303263,192883572,12873032,1179736,2565923,150119330,46423431,20538,84633,739,883773139,827674256,430173407,2537913103,38062,502058276,115,46170,137,5322120004,7746094496,5073462426,2861327574,1193158
11970245,161,55,55,77574122,12349231,ᴿᵃᵘᴹᵃⁿˡᵃ グッチ 29D1,GOLDEN DRAGON,GD-W,77579802,27048107,26792118,17740677,5993220,206880288,1230621,264321533,18369741,10335419,16174487,118454357,43262645,21685,105151,1344,1308541177,1577505483,1146948451,2559851111,13531,1614132149,459,122149,787,6993306182,8579050144,6450921491,3501313882,747868
11695804,161,56,56,77455012,7256086,ᵛⁿＫｕｎ Ｍｏｎ乂,GOLDEN DRAGON,GD-W,77455012,26577588,27865677,17085627,5798120,162591231,546924,174805831,61330524,4767727,8352897,64808937,23298503,15520,77382,317,959457309,730542924,947978534,1851752012,525,634570993,128,58010,182,5658590141,4613611929,4428544890,2381694434,478176
12521357,161,57,57,77357600,6710224,COW Smile,GOLDEN DRAGON,GD-W,77357600,24912980,28698913,18446757,5170950,157490282,466948,117172431,9619820,21624415,2678830,96425987,27072681,10002,90509,302,1108564989,1130198320,699237069,2535632832,67074,2537255472,512,104848,115,5925431108,7684436961,5370865197,3003023639,1423770
12814591,161,58,58,76768849,10155773,MaxVerstappen,GOLDEN DRAGON,GD-W,76773733,24956114,27906668,18246667,5659400,173002813,622861,151322736,47339279,4011989,8790260,87956310,24747630,17058,78132,700,912584333,1042999141,721085040,1590053402,11039,1592813149,346,62933,677,6067367058,6681354259,4929722532,2784901100,675582
12064510,161,59,59,76755959,15925128,ᵛⁿʷ Áiiii Sìii Pàaaaaa,GOLDEN DRAGON,GD-W,76755959,27397693,25279389,18407007,5671870,479871275,475539,272566652,34871184,1671711,4413230,388954212,49878560,21568,119846,2372,1506913178,1033001271,883885488,3262833692,55227,1941481057,618,103329,375,10328679492,7456586376,7598345161,4925454658,699877
11970924,161,60,60,76508926,28489606,ʸᵒᵘⁿᵍ ɴᴇᴘᴛᴜɴɪɪɪ,GOLDEN DRAGON,GD-W,76508926,23845385,27777994,18407007,6478540,408369776,1209562,264180029,35863422,6032726,16376412,282556499,67300787,22288,120103,916,2140775585,999498710,1290028814,2555489813,30345,1464674780,349,99816,698,8604964877,5463759447,5906413947,3162415567,717255
11936365,161,61,61,76403243,14216338,Krex,GOLDEN DRAGON,GD-W,76403243,22622400,28386096,18820467,6446280,596660550,1031705,284988372,95283564,5047819,19691219,438909212,37345776,17101,192704,1222,1596473973,1727877981,1147030904,3891909461,89290,5940417768,1213,228221,765,9186350422,9509968983,7490978706,3728940583,1163801
11943407,161,62,62,75800404,12028265,ᴬ ᵒ ᴰ E Cá,GOLDEN DRAGON,GD-W,77372274,27367930,25911457,17687487,4833530,206359759,877570,254327979,45809792,4039222,9202876,96272960,50989231,17491,121001,244,643782874,839158888,579849708,2683193734,29615,1565936164,335,73827,175,6672540128,9512711877,6670412539,4041510811,894933
11944105,161,63,63,74814357,3958030,Laiosᴳᴰ,GOLDEN DRAGON,GD-W,74814357,24237383,27309417,17853707,5413850,148415416,687657,154496200,18562632,2716341,7492746,104373635,15110453,13276,59299,752,1080428709,1472161310,862964912,1476501283,923,2147295310,497,53829,419,5468015556,6495362964,5186677163,2566097784,701609
12731291,161,64,64,74099720,6074434,ᴠɪᴘ Pong ᴠɪᴘ,GOLDEN DRAGON,GD-W,74099720,23955336,25911457,18820467,5348460,86257287,722973,158931433,8295378,2939653,4037077,54476897,16462875,15024,65937,561,2730865304,3332571589,2390338919,1248577982,2381,261765957,68,90090,58,5108306895,6131523589,4043278306,2479430512,664495
12464040,161,65,65,73687795,7576342,ʰᵒᵃᶜᵃⁱᶜⁱᵗʸ ᴛᴀɴɢ ᴅɪêɴ,GOLDEN DRAGON,GD-W,73687795,24055858,25195020,18820467,5616450,77588699,907713,144696833,6121748,2576190,3060800,42567302,23132901,15387,71636,1482,1335744861,1550308091,995707619,1531934336,763,230612113,48,49987,229,4827217262,6399345436,4040324970,2360127190,632768
11952015,161,66,66,73117602,12424269,ᵇᵃᵒᵇᵉⁱpEZkabosw,GOLDEN DRAGON,GD-W,73205312,22959951,26071634,17927327,6054690,224272465,1582451,222462894,45108668,4884096,15069459,126665475,32417021,22941,71126,813,1172913943,826056636,694449454,1373272653,27200,2168329852,479,59337,868,8052572119,5103135760,6152088846,3164923535,986424
8915469,161,67,67,72832604,17249823,ᵂⁱⁿˢ QN14 Ɓắp,GOLDEN DRAGON,GD-W,72832604,21812429,27345258,18187527,5359390,219223552,3095215,238807799,15621208,5235650,14859709,158518705,24689729,23689,100900,997,2768003988,1901126951,1983890299,1753890278,7021,241003944,56,181181,1838,5932870917,5097369436,4680026200,2582387892,494420
12676335,161,68,68,72536293,3049076,ᴿᵃᶜᶦⁿᵍᵇᵒᶦ pppekzxJE,GOLDEN DRAGON,GD-W,74176133,24983484,25007294,17042925,5502590,69029347,21157,76723699,2362267,677060,1583483,54931105,9474130,11520,54153,54,1225837403,1113045985,904540052,997057179,30,0,0,65605,11,4263966601,4291953498,3123820919,1995204717,1086855
12697274,161,69,68,72358167,13157899,ʸᵒᵘʳLVTFaceless,GOLDEN DRAGON,GD-W,72358167,24855613,27865677,14511987,5124890,246883502,23392,199681823,20619623,3250545,7400051,168386420,47224473,15058,109807,291,1750109534,1737885110,938106529,4869715287,31271,2644441173,616,108347,67,6582272310,7321673429,4880330794,3215498861,970487
12464591,161,70,70,71403674,9227708,ʸᵒᵘʳ Hải Đăng,GOLDEN DRAGON,GD-W,71403674,23135028,25279389,17177887,5747370,124448476,954210,197130369,10516215,1144416,6470627,81054217,25238115,13739,91434,966,3895606396,3946201731,2695989223,2105680749,18384,9008000,5,72366,273,6286517522,6714594631,5025784587,3051203592,785679
12434341,161,71,71,71374377,5704717,ᶜᵒᵐᵉᵈⁱᵃⁿTrunGツoK,GOLDEN DRAGON,GD-W,71374377,24088359,24823121,17162927,5231970,120516955,330097,224670360,22599603,1711894,4214313,70474214,21493403,21956,70527,713,1708422843,1603022115,1229970073,1990683733,3048,183708209,48,59325,265,6835813867,6502676764,5570415449,3195749786,583636
11621150,161,72,72,70570524,7140049,ᴬᵒᴰ Cơm rang,GOLDEN DRAGON,GD-W,70699124,19536259,27345258,18407007,5282000,120321296,1441158,262083147,20547104,866997,2433898,61966715,34459461,17266,87027,565,2966376163,3458891327,1818575127,2850097020,28105,520204792,117,193315,260,7677859843,10074522516,6599843968,3165393882,589529
11717831,161,73,73,70288382,5663969,ᴬᵒᴰJun trầm cảm,GOLDEN DRAGON,GD-W,70298902,22710231,25624854,16923087,4966210,85808220,934604,171014234,11550993,1860386,1246365,46398602,24726445,12731,72260,484,2018271659,2613107657,1645822378,1478465234,11495,450237120,93,60541,163,5212536385,5866108774,4214226542,2802826986,649112
12414652,161,74,74,69650844,6985630,ɴɪᴋᴏ,GOLDEN DRAGON,GD-W,69650844,22449643,24156574,17897407,5083220,197324289,762512,191020343,11928719,2440083,7482650,159561815,15815854,12013,88102,1230,4330156570,4165737536,1999410713,2240105342,24414,295284998,72,98222,296,5944783882,6051541875,3382623082,2549871002,547746
11945040,161,75,75,69648544,4176922,ᵛⁿ LanD,GOLDEN DRAGON,GD-W,69648544,20638897,25751280,17897407,5296960,142472682,868830,187598501,35067643,3385614,6205460,82804239,14912221,10323,54178,952,1585484405,1774547096,1013009015,1326153188,173,395853350,97,57910,404,5048924031,5835300293,3775705265,2361165518,662279
12490152,161,76,76,69614338,8877674,RONIN亗,GOLDEN DRAGON,GD-W,69614338,20771338,24508213,17642607,6692180,135738782,871581,241858450,22185080,5131362,8764514,70714102,28803750,27420,74647,1306,2062147009,2277083750,1112918304,1466241809,540,309042638,84,92921,529,7297388307,7575703199,6511102670,3256051314,1239339
12292576,161,77,77,68966193,11097584,ᵇᵃᵒᵇᵉⁱ AnhThaThu,GOLDEN DRAGON,GD-W,69776777,21088758,25508878,16923087,5445470,275047529,1086485,206400844,59166793,7782270,23615165,148177306,35926421,17316,80060,1185,1947491933,2818838003,1589241379,1561350444,9261,1222198625,304,67972,1115,6239731698,8517764098,5536050452,3271763994,665803
12812899,161,78,78,68808473,29858898,Em bé của tui ᵛᶰシ,GOLDEN DRAGON,GD-W,68808473,20277553,24627103,17642607,6197210,403834974,950183,233265443,24780734,1423314,4830397,352030106,20657865,22787,84796,732,1623633612,1360620179,897000160,1531347545,60126,2294664523,480,64333,1036,9289965607,8050556587,7495585992,3899289546,651289
11950904,161,79,79,68124516,10922719,ᵇᵃᵒᵇᵉⁱ greenfrog,GOLDEN DRAGON,GD-W,68124516,21405637,25119212,16923087,4612580,232782066,951324,220435976,34081287,2824389,7250203,161203656,27259425,22216,76713,2644,2530362242,1033618574,895748970,2157842229,4761,863572727,280,82717,339,7829309533,5733272268,5366460756,3151852377,587818
11971449,161,80,80,67767228,7056862,ᴿᵃᶜᶦⁿᵍᵇᵒᶦTÁO x,GOLDEN DRAGON,GD-W,67767228,19367860,24677721,17687487,6034160,103375726,417701,179889390,10787908,1531803,2979182,73289518,14780588,18339,65425,273,2264315929,2281342478,1547185434,1747954922,24785,50202733,12,112430,71,5355284965,5650811900,3350939764,2391637067,385744
14330617,161,81,81,67285072,8372354,ᵛᶰBᴀʙᴇ Miu,GOLDEN DRAGON,GD-W,67285072,18562760,24006555,18820467,5895290,151066569,426820,167970677,13315360,6076284,16914503,101036054,13652680,15102,78519,814,967104451,1550424231,633442779,2461677712,378,441030176,133,70489,428,5470124008,6562922918,4286462321,2084234470,1367023
11949560,161,82,82,67228559,7433112,乂CàRốt,GOLDEN DRAGON,GD-W,67285949,21459908,24398728,16784053,4521870,149324278,775676,249626509,23424378,2015728,1761367,93869982,28142386,67740,79680,444,916050850,1021394955,584263911,2932125761,3802,430059348,99,83689,180,10070178229,10079198565,2991036518,3419177078,734900
12487442,161,83,83,66851412,3151326,乂BiT乂,GOLDEN DRAGON,GD-W,66851412,19568514,24677721,17177887,5427290,94578932,1122526,213002967,10239970,4215123,8951296,58229367,12852363,22085,56733,1201,855854461,615611082,502545038,1488077991,34004,167339032,39,88442,711,7573924719,6289216022,5288492237,3276492408,558721
11644005,161,84,84,66401181,4705133,ᴬᵒᴰ Yume,GOLDEN DRAGON,GD-W,66401181,19393531,25443613,16923087,4580150,74192147,857199,201591786,14160381,737418,2279235,30787493,26217786,20396,80808,261,2088479421,2298869944,1289345152,3287016069,66945,893894862,187,91219,25,6848257695,11206482745,8651296511,2511248529,670298
12332571,161,85,85,66085491,5732819,ᵖᵒˡᶦᶜᵉBún么bò,GOLDEN DRAGON,GD-W,66085491,17694558,25030796,18465327,4830810,119544315,844048,155498186,14273355,1109446,4802942,81502489,17807084,20300,53285,440,2001190558,1281773102,1139656979,1050477528,11214,630000030,131,52406,74,5219026608,4266114652,3674162702,1940399443,594107
11101685,161,86,86,65339574,11054977,BINH PHÁP TÔN TỬ,GOLDEN DRAGON,GD-W,65339574,19902995,23159232,16923087,5354260,197849239,269519,233057387,9069713,1282129,4429369,166208580,16776448,19197,66052,1363,1542828644,1204711566,1116416703,2378545541,8581,147766523,47,67468,190,7352285536,6927947621,5725219792,3759182999,526160
11767134,161,87,87,64958333,3638212,ᴬᵒᴰMooo,GOLDEN DRAGON,GD-W,64958333,18958424,24099202,17054967,4845740,69789427,384989,135966251,4592931,2133492,3409609,40732721,18873355,13230,73520,741,1605933988,2066146935,1890860996,1044590742,291,40961404,23,57952,60,4273444309,4684559499,3489410761,2030342721,669075
11730576,161,88,88,64553524,17166333,ᵛᶰMikai 〤,GOLDEN DRAGON,GD-W,64553524,16277387,25350780,17642607,5282750,170317798,1265869,183953020,27988352,1674895,2583948,108172410,29822712,16906,82471,475,1307267291,1239301926,1043265936,1458292817,13307,554896848,113,56370,137,5760165468,6135076720,4930430718,2641911058,538376
11636286,161,89,89,64552234,5673946,ᴬ ᵒ ᴰNBee,GOLDEN DRAGON,GD-W,64552234,19898294,21448543,16923087,6282310,96923016,739913,237109852,9321140,1445261,1631888,52765287,31686335,35130,76674,342,728803593,874831720,716334662,1725638289,4477,676583168,202,65227,272,6186455209,8341683044,5849318823,3205898377,1054324
14749700,161,90,90,64431953,8102953,Sherly〤,GOLDEN DRAGON,GD-W,64431953,17964967,22999949,17021157,6445880,120520822,214722,169956285,17496361,606003,3075283,77235946,22088613,10216,73206,113,1784592536,1419832058,977698245,2166477465,20139,879760001,186,72897,60,6465118769,6763183926,4948675127,2648133474,1545669
11836220,161,91,91,64427132,3996082,ᴬᵒᴰHydragon,GOLDEN DRAGON,GD-W,64442302,18299294,25279389,14997009,5851440,115613135,365863,200204858,5056392,3171758,4989238,75833513,26512066,27867,73816,373,1251528853,1232532041,903376197,1644839914,3062,655288332,199,106355,351,5723130393,5563748952,4855290856,2929302300,769086
14345747,161,92,90,64274090,11723486,ᵛᶰ Quân TB,GOLDEN DRAGON,GD-W,64274090,13926097,25444346,18820467,6083180,130596636,606561,168869529,8581657,1091008,3916222,89416541,27532111,13144,68260,488,1406797122,1393145441,952188318,693873552,1200,108194665,25,68244,50,5365554920,6223458632,4391785374,2178765671,1252794
12438482,161,93,92,64191881,4012164,ˢᶜCall me,GOLDEN DRAGON,GD-W,64191881,17304022,23159232,18310867,5417760,40263921,645179,114021635,2308812,105953,371886,25381867,12075344,6347,45598,203,2840890665,2709356105,2075206685,886005902,67,73036000,17,63477,57,4207366994,4182571456,3040734614,1553598893,374394
11686238,161,94,94,63360516,811518,ᴬᵒᴰ Retniw,GOLDEN DRAGON,GD-W,63360516,20644104,19832635,17402767,5481010,65233815,203443,133580657,2689174,5493731,5810326,42628317,8584395,10699,68582,522,2310228992,1796793100,1554349299,1251605686,23603,609686433,191,100593,109,5187126864,4626163152,3584519908,2295967555,435458
12539420,161,95,95,62366991,6237080,Ðiablo,GOLDEN DRAGON,GD-W,62366991,16698847,22029297,17700927,5937920,237711759,740700,266758134,57650667,2677879,7467275,136539246,33261168,36029,74549,2389,1642655835,1941461438,1122873735,1530019940,3426,1056402858,248,165446,349,7861062115,8092403639,5430260194,3280441680,812344
12033227,161,96,96,62307214,7835831,h0aF,GOLDEN DRAGON,GD-W,62314894,19633515,19721805,17340964,5618610,127121660,570222,242160137,6351909,1541432,4460299,80529681,34218187,34599,88432,1591,2546326579,1875689171,1652406850,2322120815,288,729630097,152,92103,92,6704537247,4830694216,4489314882,2116155498,780593
14320496,161,97,97,62294453,14226232,Eoentidiiiiiiiiii,GOLDEN DRAGON,GD-W,62294453,16818060,21569876,18407007,5499510,198760691,599621,171202570,26233612,1502605,4593688,141073008,25332383,18943,88923,1019,1748334247,1590085683,1083021786,1632654486,1172,2078927516,463,69341,91,6359053753,7429073684,5603565873,2262237705,956058
14347174,161,98,99,61451483,27763919,ᴮᵃᵇᵉVincentLuong,GOLDEN DRAGON,GD-W,61809937,17207051,19828765,17897407,6518260,365582280,254359,223453675,24142470,14894865,29483156,272948276,24041450,14799,74392,1643,2246512446,2127811743,1249950627,2098867558,9704,1739668945,366,64713,369,8311981461,8602648297,6737620305,3455181880,727049
14341315,161,99,98,61392058,12921313,ᵛᶰBᴀʙᴇXPʜúᴄ〤,GOLDEN DRAGON,GD-W,61392058,16366869,21606582,17897407,5521200,176745914,517512,183410183,32729022,2218965,6879601,111797873,23098192,12669,67636,704,1592560478,1969688876,964555478,1653921653,5851,5596975949,1204,94736,195,7609437747,8636912470,6340098575,2251061213,754288
14349143,161,100,100,59784897,6335634,ᵛᶰTuyến 〤,GOLDEN DRAGON,GD-W,59784897,15780413,20743027,17878497,5382960,100435557,873948,146095496,9894102,658329,2280149,69686110,17879548,9722,85081,492,664126385,993293077,756077902,1108138048,24,70000000,14,36995,56,5296465414,5953262400,4077013026,2026724532,884857
11917947,161,101,101,59732825,3632904,ᵛⁿʷ Gừng0cay,GOLDEN DRAGON,GD-W,59732825,20499670,17085354,16963611,5184190,99361702,298869,233917268,21876824,1985846,3170016,57635922,14667922,35527,66680,328,3074083161,2522734707,2117505342,2290391262,1080,119613083,32,59773,119,7374900204,6474091499,5371397110,3079341125,513970
11632888,161,102,102,59329551,5881466,ᴬᵒᴰ dinhvan,GOLDEN DRAGON,GD-W,59329551,18817252,17897917,16229292,6385090,80877222,131550,176238203,16412054,910284,1418254,35712635,26423577,10256,93090,211,1557420525,1684937692,1161963989,1798799960,175,193154203,44,91481,14,3638965995,5067286518,3547683921,1732750835,555092
12493407,161,103,103,59141643,5694503,TurtleQ,GOLDEN DRAGON,GD-W,59141643,19445124,18817861,15930588,4948070,92560101,423519,203253234,10856617,1945872,4298107,53774144,21651210,26476,67241,555,1533277254,1844193525,1304095141,1483664229,26340,139306523,32,99300,97,4080104591,5013728005,3627142036,1873330548,559993
12455811,161,104,104,58966844,6466576,ᶠᵃʳᵐᵃʰᵒˡᶦᶜᴅᴇᴠᴏᴜʀs,GOLDEN DRAGON,GD-W,58966844,17313590,19897605,16167279,5588370,161928666,665733,216543879,38769425,3022540,11635681,88608272,19757925,18344,67265,753,2734716757,2469993595,1608154589,1185515342,6869,804793923,281,73853,269,5320573401,5003591008,3474339993,1652944710,439293
11642494,161,105,105,58514695,742296,ᴬᵒᴰTomnef,GOLDEN DRAGON,GD-W,58514695,17692049,20251225,15610311,4961110,67265863,290377,109999186,25247837,4178804,4399212,27049956,6350776,10635,48176,112,3126819995,2463935426,811374433,873069798,2501,1798197979,376,61381,98,3675305999,3789208678,2254087858,1407776209,328114
13496764,161,106,106,58396322,1946167,Hiệp sĩ của Marky,GOLDEN DRAGON,GD-W,58396322,16513232,23601644,14491386,3726060,82747140,221712,69634040,5997454,2648366,6763280,57689112,9617989,6541,27321,112,375788603,273797538,310361884,971407666,46,8000035,9,26372,52,3077479613,3234928888,2356292662,1255831176,1037247
14348936,161,107,107,57634736,9222505,ᵛᶰ BKAV ᴾ ʳ ₒ 〤,GOLDEN DRAGON,GD-W,57634736,16764158,19143661,17682357,4044560,121532234,777685,223900563,24706704,979401,2834369,79531871,13395702,24895,57910,1219,3113416175,4211606041,2785215645,2866144028,1171,1624609565,398,135201,349,7703532386,9332556831,6559505942,3395064670,512178
11970384,161,108,108,56827752,6360272,ᴮᴸᴳTom Rhyders,GOLDEN DRAGON,GD-W,57094328,17841710,18680934,15392588,4912520,173236784,914598,198855019,32097631,2022152,8526646,117270092,13222831,11971,66219,693,2209154458,1502813080,1235671106,1967670927,49369,1562123475,332,70451,231,6048793328,5639958922,4543889498,2324310752,474720
14321997,161,109,109,56359145,8399029,ᵛᶰBᴀʙᴇDũɴɢᴺᵒᵘ,GOLDEN DRAGON,GD-W,60459169,13031475,20625699,17324011,5377960,183148591,449280,186631805,20098769,2202364,8416170,128536948,23848389,15671,68768,540,2297439254,1744779684,531442933,2327135028,6666,2998286528,700,78829,125,8001388347,6857579660,5731695698,2317104452,903031
11813335,161,110,110,55980889,5089406,ᴬ ᵒ ᴰ Randor,GOLDEN DRAGON,GD-W,55980889,18750257,20006189,12681273,4543170,129574786,583603,207321374,41428358,646379,1370467,64063546,22049963,15304,63311,258,1961554695,2093258334,1906294312,2117151518,36625,231935399,68,108247,74,4757847578,6482971858,4291023736,2374245249,419165
11650276,161,111,111,55886560,285709,ᴬᵒᴰ Effort,GOLDEN DRAGON,GD-W,55886560,18066364,18394369,15299877,4125950,77486245,165242,170986961,19516474,6254808,2787012,39201590,9711752,10494,71513,705,1524106815,1804170770,897864114,3519492460,37309,3551462087,740,76213,149,6345721080,6679911036,3895186314,2034879179,356358
13456170,161,112,112,55532201,6109580,ᵛⁿʷMHoang,GOLDEN DRAGON,GD-W,55532201,16565901,18164203,16077717,4719580,174182930,886857,171512397,41478687,1735568,4707490,104627880,21605389,17124,60187,990,1112718761,1600522058,1972623755,1241965183,401,484630577,114,81121,308,4353944809,5355053708,4336128611,1928004041,558907
14032367,161,113,112,55387880,1518185,DuyueiH,GOLDEN DRAGON,GD-W,57951988,12350448,20985941,17149051,4902440,147581077,218953,201352381,44783063,4514205,5584423,82122588,10558391,14180,57248,582,685529455,575920044,612400148,1912821433,14281,2501870264,507,78711,312,8369484979,7064941704,6442590766,2921296142,551136
14350351,161,114,114,55261653,6546115,ᵛᶰ Winter 〤,GOLDEN DRAGON,GD-W,55261653,17505966,16329791,15929326,5496570,109166937,166399,158345224,33068843,922971,4143261,55722556,15291539,12613,71417,379,2488031856,1769566027,1170305327,2327323179,33914,1507423863,339,114243,60,7094359413,5373906030,4517232932,2017682704,553462
14353760,161,115,115,54933826,5129314,ᵛᶰ Ku Kenn,GOLDEN DRAGON,GD-W,54933826,16138415,18749549,15154142,4891720,125864465,462820,181042142,10130898,854756,3269234,91957565,19650451,13155,76418,381,896766410,816636692,565084660,2640371204,11772,367153978,94,118441,29,5341552274,6627265085,4588342717,2829569485,1004608
14327954,161,116,116,54809135,7436433,ᵛᶰ Roseanne 〤,GOLDEN DRAGON,GD-W,54809135,17706804,15831955,15449646,5820730,100667860,192288,147913667,36007042,402580,1718006,46893876,15635525,10785,68163,136,1752318293,2121043470,1124703404,2162669473,30524,745000001,149,93401,16,5351835242,6752491445,4232187367,2062805084,515839
14349733,161,117,117,53818861,6322519,ᵛᶰ Volibear 〤,GOLDEN DRAGON,GD-W,53818861,16355115,15247048,16525568,5691130,136274649,621310,138020558,58739002,1565526,3568595,65969500,6350290,6623,53363,1016,2745737726,1236903624,1100303110,843471112,33362,479262001,150,142145,280,6681278677,5794879424,4185927863,2500006844,656726
11628082,161,118,118,53706631,3500197,ᴬ ᵒ ᴰ Chuột,GOLDEN DRAGON,GD-W,53706631,19329778,14997547,14673476,4705830,43947703,491980,193275352,7141136,1952415,947493,17718885,16122473,22202,76255,1043,2703883978,2414079844,1791807937,1945094531,69310,130656574,59,100681,303,5485412323,5358806848,3677661667,1989776649,327835
13456044,161,119,119,53278629,5289197,ᵛⁿʷeva20x,GOLDEN DRAGON,GD-W,53278629,16243928,18073299,14176642,4784760,121165206,338679,139190473,38247472,2330656,4601273,65057025,10906885,8017,60766,782,1435049285,1638893395,972860221,1017429673,4496,1386084854,364,55665,254,4469616492,4688650155,3303855538,1729865437,382787
14345069,161,120,121,53083790,5382512,ᵛᶰ Neiht,GOLDEN DRAGON,GD-W,53083790,16244606,15691511,15454783,5692890,46982589,263984,111117554,7907642,1025678,2909639,25687460,9431339,6227,57832,487,2285701834,2157677856,1809342871,1367272981,7000,284883470,77,72461,83,5083393405,4962288905,3950988659,2062972955,560277
1897782,161,121,121,53042786,0,Tooblish,the House of Village,THV,53067322,13730985,16442850,17562511,5306440,1778718,219774,54671632,64992,129920,271294,1181625,116380,2742,40522,13,1224482481,1362223079,847133382,307924107,18176,10628737,5,37169,18,3223021073,3210807845,2070691400,1146070102,339278
14321729,161,122,122,52384281,6386160,ᵛᶰMangoBᶻᶻ乂ᵖᶜ,GOLDEN DRAGON,GD-W,52384281,15438079,18080193,13654839,5211170,122902967,400548,159374961,28235873,828144,3463627,68412236,21950069,11404,82473,129,2004969949,1078639031,1501616943,1063574574,28548,215054566,61,71716,14,5889565404,4642753739,4001509484,2062428468,528150
11647915,161,123,124,52212302,4129836,ᴬᵒᴰNiKo,GOLDEN DRAGON,GD-W,52212302,16961959,15921780,14999033,4329530,89379204,427064,192558322,16757430,1149642,1907961,45343538,24191308,21343,63193,471,1436933498,1470471071,1419207183,2785516969,1966,59514559,22,89180,106,4855897060,4980955902,4179117401,2326539801,354704
14334644,161,124,124,52201500,6769588,ᵛᶰ Kaspersky ᴾ ʳ ₒ 〤,GOLDEN DRAGON,GD-W,52201500,16056919,14485753,16112108,5546720,90488729,868739,173383766,14876563,1346136,3019993,55373388,15854365,13707,60445,341,1216594242,1353359421,1435326939,2197973362,5441,5413543986,1103,76278,181,7303242605,8099932843,5708481323,1912999804,641140
14327869,161,125,125,49366821,4739696,ᵛᶰ Lucius〤,GOLDEN DRAGON,GD-W,49366821,13694997,15588081,15147463,4936280,50364615,1805533,129407162,5275187,545658,1828141,29180617,13494780,12302,40032,176,2091902159,1819900356,1326579623,1429817393,527,530927641,109,72464,314,5807889144,5946659588,4634118215,2179511977,570597
11736571,161,126,126,49265257,2579893,ᴬᵒᴰ Xì Trum,GOLDEN DRAGON,GD-W,49265257,15759237,13992736,15109844,4403440,38471107,736016,152163960,3340453,474747,1426516,19142470,14061742,11499,42316,378,1720512099,2350569572,1558110903,1396777620,160,0,0,55363,64,4389758208,6542149527,4267526687,2133819498,345719
13647289,161,127,127,47312052,188575,CELINE Farmm,GOLDEN DRAGON 3,GDW3,47312052,12911002,15536570,14246050,4618430,78436668,354708,108727726,18684179,1970820,3345018,50287105,3625734,6914,34641,884,898474459,780967951,696220735,819458923,9761,1203388648,268,60820,1156,4790978032,4727063906,3371249273,1682074279,385599
12832576,161,128,128,47306127,1940515,Mẹ Rồng,GOLDEN DRAGON,GD-W,54414590,7366879,19209897,16748561,3980790,103919088,77428,152122565,29959154,934158,1254062,64541744,7103672,14523,38501,1053,1450539755,1200668488,950428600,754600882,243,1045845419,218,35505,351,5268057130,4886750174,3922317456,1820938770,466030
7330979,161,129,129,46765478,0,king Red,Roll'S kings,RACK,46765478,16062159,12075974,14468225,4159120,381293,20309,30578531,96259,44783,24619,199176,16383,2562,19987,15,2094084628,2087915298,1607181866,632457133,1610,849496762,182,20442,0,2564818091,2586589854,1930753359,730794438,228276
11957498,161,130,130,46333217,3696381,ᵇᵃᵒᵇᵉⁱ Zeus,GOLDEN DRAGON 3,GDW3,56735053,5258038,20985941,15632428,4456810,140147466,2552694,140782705,20030408,3224131,5271452,101990627,9436942,12063,47317,939,1575152648,860711924,843483890,721473409,9872,1116033997,270,79352,383,4400462336,3238383082,2717174935,1399472750,333627
6975577,161,131,131,45367981,0,Thore 93,DisfunctionMoon,DX-M,45374373,14480310,12541113,14635638,3710920,3049564,558564,19903080,210755,165477,1113206,1536698,680,1173,12616,16,2488581488,2512650804,1408382772,418261134,10815,347077,1,1315,27,2870278121,2906425147,1673670337,692097308,106637
14321684,161,132,132,43706521,2456258,Sườnbòfarm,GOLDEN DRAGON 2,GDW2,49293299,9500058,13634765,16151858,4419840,46854356,59094,126187844,3857965,1623634,3944639,29298722,8116538,9410,34807,89,1433346262,1584966708,862845568,319884849,77,690894814,147,45509,33,4198110792,4615977880,3311140014,1350600046,977461
8501647,161,133,133,42293730,4,King red 2,Roll'S kings,RACK,42293730,14503736,10312882,13582042,3895070,97066,25725,20752406,734,3802,5922,64044,22564,2254,16308,3,1893693480,1834089921,1485462296,587524031,1360,939845973,253,17070,0,2436196953,2425585407,1858260957,633382729,177695
11970253,161,134,134,40202565,0,Culi của Quản Kho,GOLDEN DRAGON,GD-W,40202565,9618916,13356766,13417293,3809590,86339670,426617,108051084,19800926,5058063,9020161,49196069,3193786,4526,39635,1302,1168592412,1305468924,873350930,465104281,9741,1948954434,454,44198,332,2336534644,2519482553,1714740072,575835158,175920
9421069,161,135,135,40107358,0,KhoiiNe,GOLDEN DRAGON 3,GDW3,40107358,12234323,11241114,13058761,3573160,47379981,299359,82863572,1507078,1386939,3824681,37202063,3338042,7352,21680,1336,1935541715,1721869817,1213954668,549511488,1198,785657067,318,79543,105,2083342591,2035104656,1463508679,774234588,261388
15645041,161,136,136,35887002,503936,Little lichking,GOLDEN DRAGON,GD-W,35887002,9532488,9951356,12793258,3609900,40607018,11732,24355495,38039806,20700,538,551769,1994205,531,23797,0,1656443178,1568962585,1039487776,843304743,41520,351000000,90,14809,0,2991174587,3071062990,1869099744,976789668,165551
8389867,161,137,136,35622602,0,cristoffer  cwb,,,35622602,10796357,9775075,11127740,3923430,1439827,39653,33965293,84658,171175,1673,1000332,172157,2720,27138,27,993550350,965110701,569387696,238415421,960,0,0,21878,38,1875074884,1894283592,1194834676,530885209,80004
15438345,161,138,138,32764923,419,King red 3,Roll'S kings,RACK,32764923,9030566,7997336,12490561,3246460,13640,16,9041408,0,0,0,9758,3882,632,10073,1,1216255800,1203141247,880211978,450534037,0,23300000,7,3572,0,2263833663,2251847531,1610276883,622211235,73375
14334447,161,139,139,32056960,2023697,Donnie Vàng,GOLDEN DRAGON,GD-W,38514622,4403364,12109397,12368559,3175640,39401129,506638,81573500,16013714,1029218,2996100,17222314,2131767,4877,20567,187,2979243569,2311537131,1719589136,236338336,373,3919405048,861,22111,35,5100979734,4887448891,3203478094,1046747870,345150
6982363,161,140,140,28723126,0,Moose88267,Roll'S kings,RACK,28723126,7745341,5959934,11335881,3681970,535912,79936,21717472,67662,98788,144557,211010,2801,1518,13880,4,737028680,748710392,487703471,147673381,5087,0,0,7966,38,1382234527,1395088302,917802759,318783266,67136
7536549,161,141,141,28333210,0,Tutankamón,,,28333210,7106118,9204485,9428387,2594220,5083791,97545,22633394,920116,492748,907911,2567290,144490,2117,14047,101,730049992,737660937,497550009,258010058,1520,0,0,36296,49,785551213,775640021,495056140,231698047,65310
16715692,161,142,142,26980353,3046,King red 4,Roll'S kings,RACK,26980353,6741839,6605187,10804507,2828820,27519,184,9956406,0,723,2346,20222,4228,1157,6885,0,1008145129,951617744,731081643,359390820,30,117123170,50,1844,0,2039859449,2029418132,1442847245,545001045,29899
11970587,161,143,142,26743922,0,Lão Tều Phu,GOLDEN DRAGON,GD-W,34353430,1413472,10451991,12098899,2779560,19638222,59739,41666260,3809615,1417668,1621601,11324792,1410893,3761,13722,312,836111242,1241921879,647465070,416422773,1051,2700292563,549,27820,58,2771591011,2832946511,1198787438,462135794,167134
7073531,161,144,144,24886252,0,Rasyid 1133,Roll'S kings,RACK,24886252,9649604,2715354,9539194,2982100,2106877,576533,13917014,266593,403613,329260,978387,32858,2235,5569,9,779293505,753149684,650234938,200029882,610,112008,1,6711,76,850175205,838928523,605101105,232669355,61440
18990489,161,145,145,18485388,3013,Chyn Farm,GOLDEN DRAGON 2,GDW2,18485388,4548278,4077221,7364869,2495020,125472,0,5098413,106323,0,0,19149,0,417,10169,0,949328436,2393075541,747400433,151565088,110,1993198333,604,11680,0,1757524310,2989906816,1251741070,353174966,102888
12490621,161,146,146,18372869,0,ᵛⁿʷ ᴛᴀɴɢ ᴅɪêɴ2,GOLDEN DRAGON,GD-W,19007315,418200,6252952,9232117,2469600,21370440,43154,24356460,1274326,2812787,5138059,11933051,198657,1786,12071,197,1309259598,1527358593,1347817144,160610556,499,1948437563,530,50832,58,1127176734,1257251503,1042958055,125445470,133766
16183688,161,147,147,18232442,315451,KoCamSuc,GOLDEN DRAGON 2,GDW2,22308998,1509255,5501721,8368066,2853400,12244844,3084,27841497,9953151,307,1631,2274867,14888,642,2016,2,2219996047,2134838567,1581264270,320626450,120,2577411666,689,8966,0,3335356008,3337481344,2282329359,662704325,133128
12696187,161,148,148,18091692,6,Hoàng mâm 3,GOLDEN DRAGON 2,GDW2,22328535,420342,6643475,8776485,2251390,40264733,187512,49625023,19788723,1886264,2913726,15459706,160854,2540,11876,311,2148862936,2976289117,1666655761,171915416,1161,3595420208,996,49307,220,1873763746,2513330844,1353363566,195729989,66647
6975648,161,149,148,17867288,0,PhOeNiXx,Roll'S kings,RACK,17867288,5011207,3128778,7423963,2303340,27415,0,2496851,432,849,7794,17344,996,261,3206,1,516673084,696037104,410508907,151247239,0,0,0,8239,0,658045120,773106770,459098059,149474210,30685
12411995,161,150,150,16816840,79237,ʷʷTrunGツoK Fam,GOLDEN DRAGON,GD-W,16816840,4617968,4585105,4920947,2692820,11114805,288255,21879732,5239089,1364222,1900726,2537731,54531,1581,5842,157,2274268822,2057806960,3079173695,79454533,3446,5581988747,1942,32447,172,2912315999,2794645001,2841200838,293634406,123606
12698958,161,151,151,15213159,116724,WreckᴵᵀBeth,GOLDEN DRAGON,GD-W,15213159,4885434,3637750,3887625,2802350,750080,95349,22536602,54694,66743,8712,234798,385133,1013,7640,5,456390081,387772606,254752357,138507722,230,50400000,18,6661,0,1312368350,1249818349,839714470,489486853,218370
14345522,161,152,152,15051422,23792,Chungfarm2,Vietnamdragon,VN=D,16645747,2336881,4225120,6877671,1611750,5276892,652498,13537044,1461991,401869,1015676,2370147,9562,1363,4303,154,1074067055,1047753263,1122358074,166290198,628,399696127,162,13152,85,1379720313,1387008524,1131036475,331501571,113671
10837216,161,153,153,14999999,49458,LynnFG,GOLDEN DRAGON,GD-W,15907117,3396041,2813869,6937129,1852960,1483347,127670,7537891,283780,581434,234512,286541,94499,602,3643,34,3216988115,1106703481,527341184,138427002,0,2018012667,509,12335,4,2816810319,1425878872,798158546,234857760,47000
11959702,161,154,154,14999851,1576,ᴬᵒᴰTom farmer2,GOLDEN DRAGON 3,GDW3,16932486,952666,5384027,6758498,1904660,8884568,36459,7191271,8609544,10971,46573,215572,0,513,2046,59,2872904735,3880281898,2611807532,201456987,1287,5936794698,1846,19789,10,2682580812,3574233089,2155128645,401856297,88653
9208986,161,155,155,14999621,14,Knightfarm45,GOLDEN DRAGON 2,GDW2,19937002,158959,5476754,7640258,1723650,6661856,99934,14844502,780671,1468223,1723227,2500820,122905,1684,6765,480,1239449262,1082315423,3970599745,230204099,1361,3436478908,923,33046,163,942371130,1170683906,2792403034,145345385,80804
12065579,161,156,156,14995124,103231,Kiwi farmm,GOLDEN DRAGON,GD-W,21214982,250259,6285616,6633799,1825450,18005042,1538020,46056144,11419599,228276,483686,5686889,162010,1678,9838,146,4543953261,914840754,691022089,161534383,3129,2555266840,661,17378,150,2691897096,1146470388,832213831,226649510,84445
11657275,161,157,157,14993805,174671,ᵛⁿʷPhở乂Gàⁿᵒᴹᵒツ,GOLDEN DRAGON,GD-W,17144737,3007577,4278061,5084637,2623530,491757,34439,21094435,31434,38856,73842,273971,73079,1007,11840,59,2097283990,3291010064,1221731631,73541332,0,5487350261,1864,17208,1,3734421106,4679500681,2128671543,483241155,133982
6987902,161,158,155,14990243,0,Elnine27,DisfunctionMoon,DX-M,14990243,1778135,4751058,5535750,2925300,260977,97766,4696510,65308,13691,43246,138107,625,593,4870,3,249537972,239698619,142080559,48771231,10996,343420,2,6509,0,526755843,523711237,303896243,107188943,67534
11989915,161,159,159,14985594,0,Knightfarm15,GOLDEN DRAGON 2,GDW2,19034561,274984,5643189,7399121,1668300,14395630,276302,30663546,1703572,1716641,1595109,8962941,379701,2093,8149,286,2230505674,2870452940,1579069980,190921991,2842,3820023485,1048,32826,368,2440014792,3190360617,1831934179,161222461,84860
14404541,161,160,160,14981303,617546,MikaiFarm,Vietnamdragon,VN=D,14991313,2836384,4322784,5965735,1856400,9310606,30544,42159469,5961074,1937,14202,3333121,0,726,2736,42,1611341050,2619741624,1708827210,128411577,0,3297951260,1194,9849,3,2855209542,3785924444,2213676985,431287380,101104
12083336,161,161,161,14980939,8738,Anh Cày Xu,GOLDEN DRAGON 2,GDW2,18901328,1058809,4047486,8086294,1788350,3659580,1276301,34709782,172121,303491,458298,2580214,51742,2917,6323,53,2283474275,2615124000,1962820355,219225838,5407,3558480101,936,23482,143,2554200682,2954310179,2182201662,422413558,112175
12491367,161,162,161,14980816,253,o0 Rimuru,GOLDEN DRAGON 2,GDW2,16387369,781792,3664811,7963883,2570330,14815613,438425,23430045,6596299,714380,1703947,5616754,153966,1493,8502,203,1753009468,3396091654,2361404309,150878779,1,5182582456,1385,27715,72,2654741080,3949748505,2669881713,249249996,120999
16413056,161,163,160,14977829,2092,Jiroth G,GOLDEN DRAGON 2,GDW2,18566013,377502,5421400,7615807,1563120,24973,47238,2562097,0,0,0,16271,8702,111,408,0,1162907735,1009236368,681456677,158642914,30,623098157,235,4216,0,1791921635,1732950565,1098016194,311141798,42792
12271092,161,164,165,14944391,0,DuyAN F1,VN FAM,VNF,18642839,3383872,3581204,5409575,2569740,501897,2082,4614852,20105,67038,76980,336977,0,526,2772,6,1337672709,1629594112,1429858144,99906570,331,3136800957,973,13418,8,2052221259,2409103075,1654280191,265679220,105680
11629045,161,165,165,14938680,0,Tom farmer1,GOLDEN DRAGON 3,GDW3,15859026,2218074,3313058,6948008,2459540,823727,713051,11527164,64889,124801,86770,467476,68910,2267,3813,44,1917713278,2471711125,1886432591,139210913,2195,3533477200,910,17256,45,2065596586,2487028708,1802100234,332063789,75666
14572884,161,166,166,14928862,0,Farm in Winter,GOLDEN DRAGON 2,GDW2,14996862,506262,4746313,8319067,1357220,2633402,3792,4021856,2571515,2645,7040,52202,0,445,6483,3,3698303413,2143161369,2846705850,140483016,20,4704618303,1385,12270,0,4351158724,3123368143,3095307175,431250073,53428
11937457,161,167,165,14928145,0,Zeus  Farm,GOLDEN DRAGON 2,GDW2,17047656,1229795,5618970,6219780,1859600,16566847,200161,23601704,2070553,943979,1137578,12138221,269751,2126,7988,244,609116950,1017699670,807288329,172484642,9800,800693259,221,38180,46,327729864,539028652,445274580,61097850,23440
11623468,161,168,167,14898087,0,ᴬᵒᴰRắnSiêngNăng,GOLDEN DRAGON 3,GDW3,19335958,300400,5179876,6933611,2484200,12171675,231172,19279504,836716,2388973,1742305,7095836,84343,2456,11140,100,985213657,931023211,1235780451,147278265,2681,1422479807,448,30916,197,915290412,935924964,1008317171,177101960,66102
178443,161,169,171,14892759,0,SlavqoXYZ,GOLDEN DRAGON 3,GDW3,14892759,3630474,3191369,6659416,1411500,1046139,43734,4758982,83112,96159,283081,576070,6361,594,6130,82,484199364,423867592,301991411,145902020,335,1825009,1,22368,10,63663318,64758318,39100820,2180000,0
15823778,161,170,170,14889361,1384553,Kingdrayfarm,GOLDEN DRAGON,GD-W,17327401,3350950,4676544,4547227,2314640,11220839,0,23541630,10098105,266,0,145015,977453,344,3836,1,2529772221,2534882047,1334657970,399618550,0,2557523367,938,6904,0,3232634600,3536137323,1617970750,718833662,152064
16556950,161,171,170,14887372,9850,Winter is Coming,GOLDEN DRAGON 2,GDW2,14904862,913660,4366537,7904735,1702440,41044,0,2838869,0,0,0,41044,0,67,4699,0,3406027986,2034345183,2715703460,129364249,0,3880954435,1111,5648,0,3686598639,2431307120,2581631533,293508193,38903
13474759,161,172,172,14871836,384384,Krex Farm 2,GOLDEN DRAGON 2,GDW2,16232621,1379671,3436244,7998931,2056990,10736342,981780,75414637,1501657,230521,683247,8082758,160687,1014,8581,21,1869659588,2348723330,1812599079,119323568,4608,4209526863,1204,23367,238,3461788152,4304208889,2930428794,574625188,117208
16869355,161,173,173,14839959,9046,Roseane,GOLDEN DRAGON 2,GDW2,14839959,1350284,4282099,7778246,1429330,32211,0,2467105,0,0,0,32211,0,65,3873,3,1793104697,3436001655,2584666816,127709756,0,4269428595,1285,5098,0,2620032565,3878242234,2659176880,294914123,48902
17246898,161,174,187,14839671,364823,Mokey B KaV,GOLDEN DRAGON,GD-W,14992353,3522634,4162340,5184657,1970040,1513629,100225,21375444,235163,263704,303856,701874,4454,790,17353,35,1638683229,2675659825,1847528304,108211853,0,3829282704,1465,12325,74,2984179717,3828907383,2638536002,498042997,72877
13948255,161,175,173,14830327,45497,BaoNguyen Farm,GOLDEN DRAGON 3,GDW3,15519297,433510,4259948,8186249,1950620,497777,0,27186503,17,170,434,427250,69906,395,7107,5,2760550943,3871934542,2666779636,72197539,1228,6145585558,1801,14121,0,3444362991,4394080576,3004282095,259221812,57943
11638287,161,176,176,14812999,449,ᴬᵒᴰ ShadowFarm1,GOLDEN DRAGON 2,GDW2,20232333,481848,5042215,6716416,2572520,15801336,54581,37737009,1361483,778700,2437183,11026923,176138,2883,11474,222,1209747534,4211548904,1022262299,207070269,14872,3271326589,952,31214,112,1503509593,3340816929,1138834367,261853956,40953
14426164,161,177,177,14790010,20574,ChungFarm,Vietnamdragon,VN=D,15692405,4264242,4249419,4800669,1475680,9506400,540549,9195458,6106924,581471,1706320,1099015,0,538,3986,126,1235613962,1209701282,1227362571,112539899,0,1066252305,421,6292,41,1719320947,1750056318,1361957276,399530716,132694
16528815,161,178,177,14784867,11062,ᴋᴀɴʜ ɢᴏʟᴅ 4,VIETNAM FAMILY,VIEF,14835267,3892472,3700329,4581686,2610380,2418435,4085,3930650,98594,100111,823305,1376015,15083,479,7561,87,585182131,559874262,516314990,77085878,1,863140056,271,8685,46,1198790759,1211855709,900456181,242257895,183990
11409203,161,179,179,14770777,455500,Krex Farm 1,GOLDEN DRAGON 2,GDW2,15762842,1918300,3185496,7488151,2178830,3949847,409085,34546880,157629,37692,21930,3573899,138930,759,11179,13,1740622249,1932141687,1720354727,166584201,2994,3773159059,1005,18805,125,2977478705,3220536168,2209547894,417862424,94858
15714099,161,180,180,14708406,50307,Cloud9ғᴀʀᴍɪᴠ,GOLDEN DRAGON,GD-W,16617119,4429320,3715398,4309188,2254500,336562,0,20547152,0,0,0,72169,264393,779,10076,2,2239943464,1271580906,1485409429,77232181,700,3404125110,1052,7602,0,3255963095,2434563848,1970978295,520429526,126580
12218778,161,181,181,14702693,80413,Cloud9ғᴀʀᴍɪɪɪ,GOLDEN DRAGON 2,GDW2,16755113,3985744,4107774,4246755,2362420,1080652,31007,21770306,107232,481934,55336,74183,349062,885,11759,14,1620568121,1294277758,2130055093,86122061,141,3580859721,1095,14714,33,2677702762,2437191895,2289241315,491421034,83148
10455128,161,182,182,14675648,0,Brian FarmS 2,GOLDEN DRAGON,GD-W,16582418,1321662,5049764,5942982,2361240,18356826,178419,27754210,1341586,1494700,4117780,11000042,387394,2270,10406,485,447844658,352966598,1023141573,107358755,59,944475976,291,26486,41,412955845,361824055,738157280,74406160,33081
14347743,161,183,184,14663799,0,Sherly farm,Vietnamdragon,VN=D,17050717,2386091,3806512,6437856,2033340,434393,55520,5540789,17924,137658,66545,201676,10590,760,2109,2,1870091348,1880469162,1578679676,102331071,351,2977448762,1031,10439,0,2769309589,2800310636,2004623240,332547300,71078
12893311,161,184,184,14628773,0,LVTFacelessFarm,Brotherhoood,GDW5,14889499,2707464,3773242,6441587,1706480,1783607,8862,15144100,597405,16700,24376,1145126,0,819,3494,6,3263854452,3859028654,2997512405,125052992,2729,5152659951,1704,13544,0,2865896985,3308858605,2331009090,242564328,70206
12775070,161,185,185,14624007,22032,Cloud9ғᴀʀᴍɪɪ,GOLDEN DRAGON 2,GDW2,17886330,1902993,5533336,4345998,2841680,11178149,157032,45328750,6951346,762405,874924,2029101,536532,2135,14520,126,1833116086,1505019102,2000273041,167063142,4731,3338427569,1041,33982,78,2527658810,2279161755,2437249325,569024299,106876
11787612,161,186,186,14609913,129359,Devours đi farm,GOLDEN DRAGON 2,GDW2,14609913,3668681,5171950,3812632,1956650,5603594,274769,27264227,3989079,243857,121870,1120176,122870,607,1365,16,1241979660,1035044662,881606769,61371983,639,1218917752,464,11389,15,1627122483,1447209557,1007105178,294990003,69414
11994673,161,187,187,14602857,108969,sara Farm,VIETNAM FAMILY,VIEF,14602857,1514419,3041766,8340422,1706250,3066878,94804,65653555,233033,156413,49211,2174699,444126,1509,3017,172,3947660653,2396419627,3390207420,334147812,1625,5781570271,1845,26556,50,4499984247,2886822725,3389996755,633499971,78294
12554784,161,188,182,14556408,5401,ᴋᴀɴʜ ᴏʀᴇ 7,VIETNAM FAMILY,VIEF,15244928,2798822,3860438,6160318,1736830,2977586,24499,11016561,375331,270854,375686,1865646,84593,686,7787,73,540259070,1340087786,346588547,131612947,2952,1079188832,295,18386,104,388647076,975520121,221597866,52620072,23975
15911001,161,189,189,14554121,486658,Krex Farm 3,GOLDEN DRAGON 2,GDW2,14555765,3367300,2787180,6532915,1868370,7008267,356049,62386975,151741,176674,442506,6035411,163084,884,6524,20,1592661707,1960183120,1673303231,88709130,2583,3805420450,1066,14641,120,2902564311,3380281288,2296685945,402298399,100598
11636099,161,190,189,14498221,0,Tom farmer,GOLDEN DRAGON 3,GDW3,18133302,481484,4617517,6850060,2549160,11917966,13447,13109523,4606374,609910,1663618,4958593,54150,1672,5329,218,2263612915,2924819753,2117278068,93886458,1002,5750094084,1640,27363,29,2900216311,3372183950,2458589312,309661090,94570
12643369,161,191,190,14470643,97833,ɴɪᴋᴏ farm,GOLDEN DRAGON 2,GDW2,17186470,1549202,4892497,6409214,1619730,11062300,806146,30962732,9063047,15715,46782,1884470,45247,784,2710,42,2911914709,2720257307,1499340232,97730054,32,2385207711,833,14064,21,2564613454,2425487501,1359790170,462009032,93927
11680667,161,192,191,14434489,84322,FarmcuaCa,GOLDEN DRAGON 2,GDW2,14436868,4727328,2705650,4990931,2010580,4271817,257399,27037362,180142,435276,627704,2687167,334846,1777,3462,124,1984472643,3059781808,2031138982,57611037,491,3987654508,1366,28813,30,2217147040,2958307305,1801442321,198670346,88455
11970593,161,193,193,14342165,0,Rao Suy Tình,GOLDEN DRAGON,GD-W,16040916,1013386,5807862,5656717,1864200,15573443,59561,16444678,2050058,2733886,3472170,7147093,149933,1853,7920,126,541886943,825188873,674531940,185302643,1254,468842258,166,19956,63,233567881,405216211,141713066,52366500,600
13468639,161,194,192,14341389,324974,ʳᶜFenerAĞLAMA,VIETNAM FAMILY,VIEF,14341389,3398321,3574465,4376253,2992350,1411545,570712,42433064,163,151,3665,1207581,199985,1925,11677,303,2238963894,2196232644,1685289417,17258454,0,4025730622,1284,13959,17,3097070324,3384289075,2224039589,481049480,91544
13475939,161,195,195,14329658,464014,Krex Farm 4,GOLDEN DRAGON 2,GDW2,14329658,3236460,2784435,6578253,1730510,7030769,320250,62771397,119561,166451,347747,6198353,163126,873,6627,20,1585708799,1894530671,1655854420,91989234,2739,3817996364,1064,14128,191,2986113903,3325530568,2274301098,355346538,100805
11953524,161,196,193,14310972,14383,LynnFO,GOLDEN DRAGON,GD-W,18845851,1433988,5534988,4237946,3104050,5222533,130544,21754355,1865278,154589,373876,2741323,75621,1344,13135,82,1071827261,1241897662,2613741758,157696575,5435,2785103256,1023,26211,102,1086036422,1253455299,2098362224,250303548,45883
8965745,161,197,195,14279620,79991,Vit 0,GOLDEN DRAGON 3,GDW3,14279620,4290197,3194115,4811508,1947800,10851790,455169,17846413,4192510,2652221,2010264,1499589,268771,1497,7226,345,782989841,779677423,353942244,89509727,669,916043458,317,17657,261,658843789,691101283,279291935,152608156,28360
11971401,161,198,201,14245131,318608,sara Farm 3,VIETNAM FAMILY,VIEF,14688046,3754019,3557845,4893317,2039950,6922162,139345,72392313,435729,603920,938899,4039411,888218,2633,5904,492,3223826669,1254753984,2571036006,351384329,1187,3985891289,1153,31927,269,3722949576,1740682555,2908826872,651522627,44237
8643428,161,199,204,14202781,215617,gaga044,GOLDEN DRAGON 2,GDW2,15888574,1999623,4343594,5946514,1913050,5488468,501431,15444509,303354,941973,2559890,1360205,321011,1093,6345,36,1782292016,2053906660,1559482053,196749346,20,3203255744,868,22589,83,1685026790,1862971928,1258319130,189824655,18994
12822852,161,200,199,14153035,0,ᴺˢDODGYᶠᵃʳᵐᵉʳF3,GOLDEN DRAGON 2,GDW2,14192535,3031153,5309410,3831332,1981140,4135457,255874,5790052,3293282,303833,59021,421848,31630,469,2434,159,1412071728,2925883198,2034552574,79826970,309,3082197274,971,13674,162,1426562556,2453672979,1583487186,173011820,94581
